{
  "0_after_1": {
    "task_id": 0,
    "new_task_id": 1,
    "before_performance": -184.43799999999987,
    "after_performance": -200.0,
    "cf": -15.562000000000126
  }
}