{
  "1": {
    "task_name": "T1: short+no wind",
    "episode_rewards": [
      26.0,
      44.0,
      44.0,
      35.0,
      38.0,
      48.0,
      76.0,
      28.0,
      63.0,
      47.0,
      32.0,
      44.0,
      64.0,
      27.0,
      31.0,
      51.0,
      68.0,
      47.0,
      131.0,
      159.0,
      130.0,
      125.0,
      108.0,
      49.0,
      500.0,
      500.0,
      52.0,
      49.0,
      309.0,
      500.0,
      48.0,
      412.0,
      500.0,
      367.0,
      67.0,
      360.0,
      369.0,
      291.0,
      500.0,
      407.0,
      331.0,
      42.0,
      293.0,
      500.0,
      500.0,
      299.0,
      500.0,
      463.0,
      49.0,
      362.0
    ],
    "convergence_episode": 30,
    "final_performance": 31.4,
    "before_performance": 299.4,
    "after_performance": 31.4,
    "cumulative_regret": 14915.0,
    "ewma_reward": 320.7194655756531,
    "smoothness_tv": 5896.0,
    "_last_reward": 362.0,
    "egp_triggers": 70,
    "egp_paused_steps": 770
  },
  "2": {
    "task_name": "T2: short+wind",
    "episode_rewards": [
      315.0,
      358.0,
      59.0,
      379.0,
      47.0,
      302.0,
      500.0,
      307.0,
      44.0,
      500.0,
      336.0,
      500.0,
      500.0,
      500.0
    ],
    "convergence_episode": 45,
    "final_performance": 324.8,
    "before_performance": 325.6,
    "after_performance": 324.8,
    "cumulative_regret": 2353.0,
    "ewma_reward": 283.6328759022772,
    "smoothness_tv": 2687.0,
    "_last_reward": 500.0,
    "egp_triggers": 70,
    "egp_paused_steps": 770
  },
  "3": {
    "task_name": "T3: long+no wind",
    "episode_rewards": [
      500.0,
      338.0,
      500.0,
      483.0,
      500.0,
      500.0,
      500.0,
      284.0,
      335.0,
      101.0,
      492.0,
      500.0,
      377.0
    ],
    "convergence_episode": 59,
    "final_performance": 401.4,
    "before_performance": 394.0,
    "after_performance": 401.4,
    "cumulative_regret": 1090.0,
    "ewma_reward": 301.549028095592,
    "smoothness_tv": 1381.0,
    "_last_reward": 377.0,
    "egp_triggers": 70,
    "egp_paused_steps": 770
  },
  "4": {
    "task_name": "T4: long+wind",
    "episode_rewards": [
      354.0,
      500.0,
      403.0,
      500.0,
      418.0,
      500.0,
      366.0,
      305.0,
      500.0,
      376.0,
      56.0,
      500.0
    ],
    "convergence_episode": 72,
    "final_performance": 333.0,
    "before_performance": 328.4,
    "after_performance": 333.0,
    "cumulative_regret": 1222.0,
    "ewma_reward": 275.81306773328606,
    "smoothness_tv": 1782.0,
    "_last_reward": 500.0,
    "egp_triggers": 70,
    "egp_paused_steps": 770
  }
}