{
  "1": {
    "task_name": "T1: short+no wind",
    "episode_rewards": [
      43.0,
      34.0,
      28.0,
      40.0,
      39.0,
      35.0,
      49.0,
      35.0,
      47.0,
      75.0,
      31.0,
      24.0,
      51.0,
      48.0,
      40.0,
      35.0,
      114.0,
      72.0,
      80.0,
      82.0,
      61.0,
      107.0,
      52.0,
      204.0,
      257.0,
      174.0,
      55.0,
      366.0,
      500.0,
      51.0,
      394.0,
      500.0,
      322.0,
      464.0,
      257.0,
      223.0,
      343.0,
      394.0,
      196.0,
      381.0,
      307.0,
      500.0,
      250.0,
      257.0,
      305.0,
      247.0,
      500.0,
      310.0,
      296.0,
      44.0,
      281.0
    ],
    "convergence_episode": 31,
    "final_performance": 41.4,
    "before_performance": 386.2,
    "after_performance": 41.4,
    "cumulative_regret": 15900.0,
    "ewma_reward": 280.45187165976955,
    "smoothness_tv": 4888.0,
    "_last_reward": 281.0,
    "egp_triggers": 61,
    "egp_paused_steps": 671
  },
  "2": {
    "task_name": "T2: short+wind",
    "episode_rewards": [
      351.0,
      69.0,
      362.0,
      51.0,
      262.0,
      389.0,
      260.0,
      44.0,
      500.0,
      291.0,
      483.0,
      466.0,
      421.0,
      500.0,
      360.0,
      38.0
    ],
    "convergence_episode": 45,
    "final_performance": 413.4,
    "before_performance": 362.2,
    "after_performance": 413.4,
    "cumulative_regret": 3153.0,
    "ewma_reward": 259.06524482596654,
    "smoothness_tv": 3029.0,
    "_last_reward": 38.0,
    "egp_triggers": 61,
    "egp_paused_steps": 671
  },
  "3": {
    "task_name": "T3: long+no wind",
    "episode_rewards": [
      500.0,
      481.0,
      500.0,
      500.0,
      236.0,
      305.0,
      500.0,
      500.0,
      500.0,
      366.0,
      304.0,
      500.0,
      37.0
    ],
    "convergence_episode": 61,
    "final_performance": 372.4,
    "before_performance": 335.8,
    "after_performance": 372.4,
    "cumulative_regret": 1271.0,
    "ewma_reward": 279.674744556979,
    "smoothness_tv": 1421.0,
    "_last_reward": 37.0,
    "egp_triggers": 61,
    "egp_paused_steps": 671
  },
  "4": {
    "task_name": "T4: long+wind",
    "episode_rewards": [
      500.0,
      500.0,
      500.0,
      262.0,
      227.0,
      430.0,
      278.0,
      392.0,
      500.0,
      258.0,
      342.0,
      237.0,
      68.0,
      292.0,
      267.0,
      30.0
    ],
    "convergence_episode": 74,
    "final_performance": 346.2,
    "before_performance": 266.0,
    "after_performance": 346.2,
    "cumulative_regret": 2917.0,
    "ewma_reward": 220.61276431140323,
    "smoothness_tv": 1936.0,
    "_last_reward": 30.0,
    "egp_triggers": 61,
    "egp_paused_steps": 671
  }
}