{
  "1": {
    "task_name": "T1: short+no wind",
    "episode_rewards": [
      30.0,
      33.0,
      29.0,
      36.0,
      59.0,
      44.0,
      42.0,
      39.0,
      31.0,
      37.0,
      66.0,
      41.0,
      47.0,
      29.0,
      35.0,
      65.0,
      28.0,
      24.0,
      24.0,
      51.0,
      24.0,
      22.0,
      34.0,
      25.0,
      69.0,
      153.0,
      95.0,
      196.0,
      139.0,
      184.0,
      262.0,
      237.0,
      500.0,
      47.0,
      500.0,
      500.0,
      500.0,
      272.0,
      500.0,
      500.0,
      500.0,
      500.0,
      500.0,
      500.0,
      500.0,
      500.0,
      280.0,
      500.0,
      500.0
    ],
    "convergence_episode": 35,
    "final_performance": 28.4,
    "before_performance": 500.0,
    "after_performance": 28.4,
    "cumulative_regret": 14671.0,
    "ewma_reward": 401.631961318767,
    "smoothness_tv": 2860.0,
    "_last_reward": 500.0
  },
  "2": {
    "task_name": "T2: short+wind",
    "episode_rewards": [
      500.0,
      500.0,
      500.0,
      64.0,
      500.0,
      500.0,
      500.0,
      500.0,
      500.0,
      500.0,
      500.0
    ],
    "convergence_episode": 48,
    "final_performance": 500.0,
    "before_performance": 500.0,
    "after_performance": 500.0,
    "cumulative_regret": 436.0,
    "ewma_reward": 322.240957115,
    "smoothness_tv": 872.0,
    "_last_reward": 500.0
  },
  "3": {
    "task_name": "T3: long+no wind",
    "episode_rewards": [
      500.0,
      500.0,
      500.0,
      389.0,
      500.0,
      500.0,
      500.0,
      500.0,
      456.0,
      500.0,
      500.0
    ],
    "convergence_episode": 59,
    "final_performance": 500.0,
    "before_performance": 500.0,
    "after_performance": 500.0,
    "cumulative_regret": 155.0,
    "ewma_reward": 334.22160636500007,
    "smoothness_tv": 310.0,
    "_last_reward": 500.0
  },
  "4": {
    "task_name": "T4: long+wind",
    "episode_rewards": [
      500.0,
      500.0,
      500.0,
      500.0,
      500.0,
      500.0,
      500.0,
      42.0,
      500.0,
      500.0
    ],
    "convergence_episode": 70,
    "final_performance": 500.0,
    "before_performance": 500.0,
    "after_performance": 500.0,
    "cumulative_regret": 458.0,
    "ewma_reward": 288.56277995,
    "smoothness_tv": 916.0,
    "_last_reward": 500.0
  }
}