{
  "1": {
    "task_name": "T1: short+no wind",
    "episode_rewards": [
      36.0,
      41.0,
      34.0,
      51.0,
      38.0,
      30.0,
      40.0,
      32.0,
      45.0,
      43.0,
      30.0,
      23.0,
      46.0,
      47.0,
      24.0,
      23.0,
      34.0,
      24.0,
      24.0,
      23.0,
      34.0,
      23.0,
      23.0,
      37.0,
      26.0,
      26.0,
      27.0,
      50.0,
      36.0,
      28.0,
      49.0,
      32.0,
      27.0,
      31.0,
      22.0,
      24.0,
      29.0,
      64.0,
      36.0,
      46.0,
      50.0,
      74.0,
      25.0,
      44.0,
      24.0,
      39.0,
      35.0,
      59.0,
      36.0,
      64.0,
      35.0,
      47.0,
      56.0,
      54.0,
      79.0,
      21.0,
      25.0,
      62.0,
      51.0,
      61.0,
      27.0,
      27.0,
      78.0,
      42.0,
      139.0,
      44.0,
      92.0,
      40.0,
      24.0,
      95.0,
      31.0,
      47.0,
      70.0,
      57.0,
      94.0,
      70.0,
      70.0,
      146.0,
      164.0,
      37.0,
      143.0,
      74.0,
      246.0,
      121.0,
      103.0,
      246.0,
      47.0,
      136.0,
      282.0,
      229.0,
      278.0,
      244.0,
      67.0,
      114.0,
      287.0,
      261.0,
      49.0,
      381.0,
      36.0,
      500.0,
      500.0,
      500.0,
      455.0,
      500.0
    ],
    "convergence_episode": 140,
    "final_performance": 34.6,
    "before_performance": 443.4,
    "after_performance": 34.6,
    "cumulative_regret": 42508.0,
    "ewma_reward": 299.39402997331536,
    "smoothness_tv": 4776.0,
    "_last_reward": 500.0,
    "egp_triggers": 60,
    "egp_paused_steps": 660
  },
  "2": {
    "task_name": "T2: short+wind",
    "episode_rewards": [
      113.0,
      425.0,
      500.0,
      469.0,
      500.0,
      500.0,
      57.0,
      500.0,
      500.0,
      34.0,
      101.0,
      44.0,
      151.0,
      500.0,
      55.0,
      37.0,
      36.0,
      37.0,
      478.0,
      34.0
    ],
    "convergence_episode": 98,
    "final_performance": 386.6,
    "before_performance": 488.4,
    "after_performance": 386.6,
    "cumulative_regret": 4929.0,
    "ewma_reward": 176.4320705087919,
    "smoothness_tv": 3731.0,
    "_last_reward": 34.0,
    "egp_triggers": 60,
    "egp_paused_steps": 660
  },
  "3": {
    "task_name": "T3: long+no wind",
    "episode_rewards": [
      500.0,
      500.0,
      500.0,
      500.0,
      500.0,
      500.0,
      500.0,
      500.0,
      500.0,
      500.0
    ],
    "convergence_episode": 118,
    "final_performance": 483.8,
    "before_performance": 500.0,
    "after_performance": 483.8,
    "cumulative_regret": 0.0,
    "ewma_reward": 325.66077995,
    "smoothness_tv": 0.0,
    "_last_reward": 500.0,
    "egp_triggers": 60,
    "egp_paused_steps": 660
  },
  "4": {
    "task_name": "T4: long+wind",
    "episode_rewards": [
      500.0,
      500.0,
      500.0,
      500.0,
      500.0,
      392.0,
      500.0,
      500.0,
      341.0,
      322.0,
      222.0,
      99.0
    ],
    "convergence_episode": 128,
    "final_performance": 500.0,
    "before_performance": 252.0,
    "after_performance": 500.0,
    "cumulative_regret": 1124.0,
    "ewma_reward": 261.9165689595,
    "smoothness_tv": 617.0,
    "_last_reward": 99.0,
    "egp_triggers": 60,
    "egp_paused_steps": 660
  }
}