{
  "1": {
    "task_name": "T1: short+no wind",
    "episode_rewards": [
      34.0,
      28.0,
      30.0,
      49.0,
      58.0,
      37.0,
      45.0,
      42.0,
      38.0,
      41.0,
      32.0,
      44.0,
      67.0,
      27.0,
      23.0,
      32.0,
      24.0,
      26.0,
      23.0,
      94.0,
      225.0,
      64.0,
      164.0,
      241.0,
      409.0,
      500.0,
      500.0,
      500.0,
      500.0,
      500.0,
      500.0,
      500.0,
      500.0,
      500.0,
      500.0,
      500.0,
      500.0,
      500.0,
      500.0,
      39.0,
      40.0,
      500.0,
      34.0,
      45.0,
      428.0,
      93.0,
      121.0,
      118.0
    ],
    "convergence_episode": 27,
    "final_performance": 38.8,
    "before_performance": 117.0,
    "after_performance": 38.8,
    "cumulative_regret": 13685.0,
    "ewma_reward": 256.26599942192036,
    "smoothness_tv": 3132.0,
    "_last_reward": 118.0
  },
  "2": {
    "task_name": "T2: short+wind",
    "episode_rewards": [
      500.0,
      500.0,
      168.0,
      500.0,
      77.0,
      500.0,
      54.0,
      500.0,
      500.0,
      500.0,
      64.0,
      500.0,
      500.0
    ],
    "convergence_episode": 41,
    "final_performance": 500.0,
    "before_performance": 500.0,
    "after_performance": 500.0,
    "cumulative_regret": 1637.0,
    "ewma_reward": 284.10355278923004,
    "smoothness_tv": 3274.0,
    "_last_reward": 500.0
  },
  "3": {
    "task_name": "T3: long+no wind",
    "episode_rewards": [
      500.0,
      500.0,
      500.0,
      500.0,
      500.0,
      500.0,
      500.0,
      172.0,
      500.0,
      500.0,
      76.0
    ],
    "convergence_episode": 54,
    "final_performance": 500.0,
    "before_performance": 500.0,
    "after_performance": 500.0,
    "cumulative_regret": 752.0,
    "ewma_reward": 276.7835019550001,
    "smoothness_tv": 1080.0,
    "_last_reward": 76.0
  },
  "4": {
    "task_name": "T4: long+wind",
    "episode_rewards": [
      500.0,
      500.0,
      500.0,
      500.0,
      500.0,
      500.0,
      500.0,
      500.0,
      500.0,
      500.0
    ],
    "convergence_episode": 65,
    "final_performance": 500.0,
    "before_performance": 500.0,
    "after_performance": 500.0,
    "cumulative_regret": 0.0,
    "ewma_reward": 325.66077995,
    "smoothness_tv": 0.0,
    "_last_reward": 500.0
  }
}