{
  "1": {
    "task_name": "T1: short+no wind",
    "episode_rewards": [
      37.0,
      42.0,
      30.0,
      32.0,
      37.0,
      41.0,
      39.0,
      44.0,
      40.0,
      29.0,
      42.0,
      26.0,
      37.0,
      35.0,
      76.0,
      58.0,
      60.0,
      99.0,
      44.0,
      68.0,
      88.0,
      39.0,
      55.0,
      164.0,
      98.0,
      125.0,
      99.0,
      61.0,
      206.0,
      500.0,
      335.0,
      500.0,
      296.0,
      454.0,
      46.0,
      318.0,
      448.0,
      322.0,
      500.0,
      369.0,
      327.0,
      302.0,
      300.0,
      399.0,
      414.0,
      310.0,
      500.0,
      379.0,
      470.0,
      364.0
    ],
    "convergence_episode": 32,
    "final_performance": 29.2,
    "before_performance": 378.0,
    "after_performance": 29.2,
    "cumulative_regret": 15296.0,
    "ewma_reward": 349.9663450458687,
    "smoothness_tv": 3793.0,
    "_last_reward": 364.0
  },
  "2": {
    "task_name": "T2: short+wind",
    "episode_rewards": [
      351.0,
      54.0,
      349.0,
      500.0,
      334.0,
      46.0,
      500.0,
      337.0,
      500.0,
      427.0,
      417.0,
      493.0,
      350.0,
      411.0
    ],
    "convergence_episode": 47,
    "final_performance": 392.6,
    "before_performance": 395.4,
    "after_performance": 392.6,
    "cumulative_regret": 1931.0,
    "ewma_reward": 296.04965056157323,
    "smoothness_tv": 2340.0,
    "_last_reward": 411.0
  },
  "3": {
    "task_name": "T3: long+no wind",
    "episode_rewards": [
      428.0,
      482.0,
      463.0,
      500.0,
      292.0,
      337.0,
      500.0,
      500.0,
      484.0,
      356.0,
      346.0
    ],
    "convergence_episode": 61,
    "final_performance": 384.6,
    "before_performance": 413.6,
    "after_performance": 384.6,
    "cumulative_regret": 812.0,
    "ewma_reward": 287.95917182908005,
    "smoothness_tv": 680.0,
    "_last_reward": 346.0
  },
  "4": {
    "task_name": "T4: long+wind",
    "episode_rewards": [
      500.0,
      351.0,
      500.0,
      460.0,
      500.0,
      365.0,
      332.0,
      448.0,
      352.0,
      345.0,
      500.0,
      359.0,
      402.0
    ],
    "convergence_episode": 72,
    "final_performance": 404.4,
    "before_performance": 393.8,
    "after_performance": 404.4,
    "cumulative_regret": 1086.0,
    "ewma_reward": 304.725703795809,
    "smoothness_tv": 1104.0,
    "_last_reward": 402.0
  }
}