{
  "1": {
    "task_name": "T1: short+no wind",
    "episode_rewards": [
      27.0,
      86.0,
      30.0,
      29.0,
      25.0,
      44.0,
      53.0,
      27.0,
      39.0,
      29.0,
      26.0,
      33.0,
      81.0,
      28.0,
      26.0,
      49.0,
      73.0,
      34.0,
      70.0,
      61.0,
      75.0,
      33.0,
      90.0,
      47.0,
      39.0,
      86.0,
      140.0,
      40.0,
      36.0,
      46.0,
      62.0,
      39.0,
      58.0,
      36.0,
      59.0,
      27.0,
      31.0,
      85.0,
      36.0,
      55.0,
      33.0,
      73.0,
      34.0,
      58.0,
      47.0,
      39.0,
      63.0,
      61.0,
      45.0,
      54.0,
      45.0,
      91.0,
      63.0,
      66.0,
      51.0,
      68.0,
      48.0,
      60.0,
      78.0,
      47.0,
      83.0,
      109.0,
      67.0,
      156.0,
      38.0,
      110.0,
      43.0,
      130.0,
      137.0,
      144.0,
      175.0,
      165.0,
      42.0,
      219.0,
      171.0,
      251.0,
      366.0,
      294.0,
      250.0,
      315.0,
      274.0,
      209.0,
      57.0,
      327.0,
      283.0,
      42.0,
      279.0,
      33.0,
      305.0,
      304.0,
      62.0,
      263.0,
      353.0,
      274.0,
      267.0
    ],
    "convergence_episode": 133,
    "final_performance": 31.4,
    "before_performance": 229.6,
    "after_performance": 31.4,
    "cumulative_regret": 37789.0,
    "ewma_reward": 224.95507717843878,
    "smoothness_tv": 4978.0,
    "_last_reward": 267.0,
    "egp_triggers": 126,
    "egp_paused_steps": 1386
  },
  "2": {
    "task_name": "T2: short+wind",
    "episode_rewards": [
      174.0,
      158.0,
      254.0,
      173.0,
      171.0,
      35.0,
      157.0,
      227.0,
      250.0,
      135.0,
      277.0,
      209.0,
      47.0,
      173.0,
      167.0,
      121.0,
      333.0,
      77.0,
      199.0,
      500.0,
      37.0,
      326.0,
      491.0,
      28.0
    ],
    "convergence_episode": 95,
    "final_performance": 155.6,
    "before_performance": 218.6,
    "after_performance": 155.6,
    "cumulative_regret": 7281.0,
    "ewma_reward": 198.67401535629176,
    "smoothness_tv": 3482.0,
    "_last_reward": 28.0,
    "egp_triggers": 126,
    "egp_paused_steps": 1386
  },
  "3": {
    "task_name": "T3: long+no wind",
    "episode_rewards": [
      363.0,
      286.0,
      242.0,
      255.0,
      374.0,
      430.0,
      461.0,
      484.0,
      317.0,
      495.0,
      270.0,
      270.0,
      334.0,
      286.0
    ],
    "convergence_episode": 109,
    "final_performance": 261.4,
    "before_performance": 319.2,
    "after_performance": 261.4,
    "cumulative_regret": 2133.0,
    "ewma_reward": 265.9693051567189,
    "smoothness_tv": 1045.0,
    "_last_reward": 286.0,
    "egp_triggers": 126,
    "egp_paused_steps": 1386
  },
  "4": {
    "task_name": "T4: long+wind",
    "episode_rewards": [
      492.0,
      313.0,
      275.0,
      217.0,
      293.0,
      378.0,
      260.0,
      386.0,
      265.0,
      388.0,
      128.0,
      224.0,
      391.0,
      486.0,
      399.0,
      372.0
    ],
    "convergence_episode": 123,
    "final_performance": 242.0,
    "before_performance": 244.8,
    "after_performance": 242.0,
    "cumulative_regret": 2733.0,
    "ewma_reward": 276.002384878219,
    "smoothness_tv": 1656.0,
    "_last_reward": 372.0,
    "egp_triggers": 126,
    "egp_paused_steps": 1386
  }
}