{
  "1": {
    "task_name": "T1: short+no wind",
    "episode_rewards": [
      26.0,
      38.0,
      28.0,
      33.0,
      29.0,
      38.0,
      55.0,
      41.0,
      31.0,
      48.0,
      45.0,
      32.0,
      26.0,
      57.0,
      48.0,
      29.0,
      31.0,
      49.0,
      72.0,
      106.0,
      211.0,
      100.0,
      68.0,
      79.0,
      500.0,
      100.0,
      86.0,
      96.0,
      500.0,
      500.0,
      500.0,
      500.0,
      500.0,
      500.0,
      340.0,
      500.0,
      500.0,
      500.0,
      500.0,
      474.0,
      500.0,
      406.0,
      500.0,
      500.0
    ],
    "convergence_episode": 30,
    "final_performance": 42.6,
    "before_performance": 353.4,
    "after_performance": 42.6,
    "cumulative_regret": 12178.0,
    "ewma_reward": 411.3764793992732,
    "smoothness_tv": 2324.0,
    "_last_reward": 500.0,
    "egp_triggers": 25,
    "egp_paused_steps": 265
  },
  "2": {
    "task_name": "T2: short+wind",
    "episode_rewards": [
      500.0,
      500.0,
      121.0,
      500.0,
      64.0,
      500.0,
      54.0,
      470.0,
      500.0,
      403.0,
      54.0,
      500.0,
      449.0,
      500.0
    ],
    "convergence_episode": 43,
    "final_performance": 407.0,
    "before_performance": 390.8,
    "after_performance": 407.0,
    "cumulative_regret": 1885.0,
    "ewma_reward": 290.43714807298403,
    "smoothness_tv": 3516.0,
    "_last_reward": 500.0,
    "egp_triggers": 25,
    "egp_paused_steps": 265
  },
  "3": {
    "task_name": "T3: long+no wind",
    "episode_rewards": [
      500.0,
      500.0,
      500.0,
      440.0,
      500.0,
      500.0,
      500.0,
      500.0,
      500.0,
      322.0,
      418.0
    ],
    "convergence_episode": 57,
    "final_performance": 483.0,
    "before_performance": 428.8,
    "after_performance": 483.0,
    "cumulative_regret": 320.0,
    "ewma_reward": 316.00492055500007,
    "smoothness_tv": 394.0,
    "_last_reward": 418.0,
    "egp_triggers": 25,
    "egp_paused_steps": 265
  },
  "4": {
    "task_name": "T4: long+wind",
    "episode_rewards": [
      500.0,
      500.0,
      500.0,
      429.0,
      418.0,
      500.0,
      392.0,
      500.0,
      500.0,
      500.0
    ],
    "convergence_episode": 68,
    "final_performance": 379.6,
    "before_performance": 397.6,
    "after_performance": 379.6,
    "cumulative_regret": 261.0,
    "ewma_reward": 309.17233085000004,
    "smoothness_tv": 380.0,
    "_last_reward": 500.0,
    "egp_triggers": 25,
    "egp_paused_steps": 265
  }
}