{
  "1": {
    "task_name": "T1: short+no wind",
    "episode_rewards": [
      44.0,
      51.0,
      36.0,
      26.0,
      68.0,
      56.0,
      26.0,
      37.0,
      37.0,
      54.0,
      45.0,
      35.0,
      40.0,
      61.0,
      37.0,
      32.0,
      41.0,
      39.0,
      31.0,
      31.0,
      77.0,
      31.0,
      52.0,
      229.0,
      171.0,
      122.0,
      142.0,
      440.0,
      436.0,
      271.0,
      407.0,
      356.0,
      406.0,
      348.0,
      47.0,
      472.0,
      461.0,
      359.0,
      449.0,
      430.0,
      351.0,
      311.0,
      295.0,
      436.0,
      500.0,
      304.0,
      500.0,
      411.0
    ],
    "convergence_episode": 31,
    "final_performance": 38.4,
    "before_performance": 405.4,
    "after_performance": 38.4,
    "cumulative_regret": 14359.0,
    "ewma_reward": 357.8711501023462,
    "smoothness_tv": 3185.0,
    "_last_reward": 411.0
  },
  "2": {
    "task_name": "T2: short+wind",
    "episode_rewards": [
      318.0,
      500.0,
      53.0,
      439.0,
      380.0,
      399.0,
      63.0,
      402.0,
      447.0,
      416.0,
      500.0,
      500.0,
      500.0
    ],
    "convergence_episode": 46,
    "final_performance": 451.0,
    "before_performance": 456.0,
    "after_performance": 451.0,
    "cumulative_regret": 1583.0,
    "ewma_reward": 301.2091908542259,
    "smoothness_tv": 1928.0,
    "_last_reward": 500.0
  },
  "3": {
    "task_name": "T3: long+no wind",
    "episode_rewards": [
      449.0,
      374.0,
      500.0,
      500.0,
      290.0,
      422.0,
      317.0,
      396.0,
      379.0,
      352.0,
      335.0,
      449.0,
      429.0
    ],
    "convergence_episode": 59,
    "final_performance": 461.0,
    "before_performance": 463.2,
    "after_performance": 461.0,
    "cumulative_regret": 1308.0,
    "ewma_reward": 295.09230090676306,
    "smoothness_tv": 922.0,
    "_last_reward": 429.0
  },
  "4": {
    "task_name": "T4: long+wind",
    "episode_rewards": [
      490.0,
      273.0,
      359.0,
      342.0,
      437.0,
      500.0,
      379.0,
      474.0,
      463.0,
      299.0,
      497.0,
      400.0
    ],
    "convergence_episode": 72,
    "final_performance": 462.2,
    "before_performance": 464.2,
    "after_performance": 462.2,
    "cumulative_regret": 1087.0,
    "ewma_reward": 297.18005029024005,
    "smoothness_tv": 1164.0,
    "_last_reward": 400.0
  }
}