{
  "1": {
    "task_name": "T1: short+no wind",
    "episode_rewards": [
      24.0,
      36.0,
      52.0,
      28.0,
      34.0,
      67.0,
      28.0,
      41.0,
      38.0,
      37.0,
      40.0,
      30.0,
      31.0,
      34.0,
      71.0,
      63.0,
      32.0,
      131.0,
      71.0,
      114.0,
      131.0,
      145.0,
      98.0,
      83.0,
      500.0,
      500.0,
      500.0,
      500.0,
      500.0,
      500.0,
      500.0,
      500.0,
      500.0,
      500.0,
      500.0,
      500.0,
      342.0,
      500.0,
      500.0,
      500.0,
      500.0,
      500.0
    ],
    "convergence_episode": 27,
    "final_performance": 31.4,
    "before_performance": 393.4,
    "after_performance": 31.4,
    "cumulative_regret": 10699.0,
    "ewma_reward": 426.70914048780816,
    "smoothness_tv": 1268.0,
    "_last_reward": 500.0,
    "egp_triggers": 25,
    "egp_paused_steps": 265
  },
  "2": {
    "task_name": "T2: short+wind",
    "episode_rewards": [
      500.0,
      500.0,
      500.0,
      500.0,
      216.0,
      500.0,
      59.0,
      500.0,
      54.0,
      500.0,
      500.0,
      426.0,
      58.0
    ],
    "convergence_episode": 41,
    "final_performance": 406.6,
    "before_performance": 383.6,
    "after_performance": 406.6,
    "cumulative_regret": 1687.0,
    "ewma_reward": 257.12283171955005,
    "smoothness_tv": 2784.0,
    "_last_reward": 58.0,
    "egp_triggers": 25,
    "egp_paused_steps": 265
  },
  "3": {
    "task_name": "T3: long+no wind",
    "episode_rewards": [
      500.0,
      427.0,
      500.0,
      500.0,
      500.0,
      500.0,
      448.0,
      500.0,
      500.0,
      500.0
    ],
    "convergence_episode": 54,
    "final_performance": 493.2,
    "before_performance": 449.2,
    "after_performance": 493.2,
    "cumulative_regret": 125.0,
    "ewma_reward": 318.727569317,
    "smoothness_tv": 250.0,
    "_last_reward": 500.0,
    "egp_triggers": 25,
    "egp_paused_steps": 265
  },
  "4": {
    "task_name": "T4: long+wind",
    "episode_rewards": [
      500.0,
      500.0,
      426.0,
      413.0,
      500.0,
      500.0,
      500.0,
      500.0,
      500.0,
      500.0
    ],
    "convergence_episode": 64,
    "final_performance": 387.4,
    "before_performance": 413.2,
    "after_performance": 387.4,
    "cumulative_regret": 161.0,
    "ewma_reward": 317.4978461900001,
    "smoothness_tv": 174.0,
    "_last_reward": 500.0,
    "egp_triggers": 25,
    "egp_paused_steps": 265
  }
}