{
  "1": {
    "task_name": "T1: short+no wind",
    "episode_rewards": [
      30.0,
      56.0,
      30.0,
      28.0,
      25.0,
      40.0,
      44.0,
      31.0,
      40.0,
      27.0,
      28.0,
      46.0,
      23.0,
      34.0,
      74.0,
      25.0,
      22.0,
      32.0,
      24.0,
      26.0,
      24.0,
      35.0,
      30.0,
      25.0,
      43.0,
      42.0,
      43.0,
      68.0,
      52.0,
      71.0,
      168.0,
      72.0,
      132.0,
      48.0,
      203.0,
      44.0,
      55.0,
      193.0,
      113.0,
      188.0,
      91.0,
      441.0,
      331.0,
      427.0,
      500.0,
      437.0,
      381.0,
      352.0,
      298.0,
      497.0,
      463.0,
      292.0,
      500.0,
      462.0,
      500.0,
      371.0,
      343.0,
      455.0,
      319.0
    ],
    "convergence_episode": 44,
    "final_performance": 36.4,
    "before_performance": 294.4,
    "after_performance": 36.4,
    "cumulative_regret": 19706.0,
    "ewma_reward": 358.87852472928415,
    "smoothness_tv": 3355.0,
    "_last_reward": 319.0
  },
  "2": {
    "task_name": "T2: short+wind",
    "episode_rewards": [
      500.0,
      500.0,
      500.0,
      500.0,
      500.0,
      500.0,
      500.0,
      500.0,
      62.0,
      445.0,
      252.0,
      378.0
    ],
    "convergence_episode": 56,
    "final_performance": 358.8,
    "before_performance": 364.4,
    "after_performance": 358.8,
    "cumulative_regret": 863.0,
    "ewma_reward": 287.88003175950007,
    "smoothness_tv": 1140.0,
    "_last_reward": 378.0
  },
  "3": {
    "task_name": "T3: long+no wind",
    "episode_rewards": [
      500.0,
      500.0,
      461.0,
      500.0,
      473.0,
      500.0,
      460.0,
      500.0,
      500.0,
      500.0
    ],
    "convergence_episode": 68,
    "final_performance": 424.2,
    "before_performance": 421.6,
    "after_performance": 424.2,
    "cumulative_regret": 106.0,
    "ewma_reward": 319.28509904,
    "smoothness_tv": 212.0,
    "_last_reward": 500.0
  },
  "4": {
    "task_name": "T4: long+wind",
    "episode_rewards": [
      500.0,
      326.0,
      500.0,
      500.0,
      406.0,
      500.0,
      433.0,
      500.0,
      342.0,
      500.0,
      463.0
    ],
    "convergence_episode": 78,
    "final_performance": 363.0,
    "before_performance": 375.2,
    "after_performance": 363.0,
    "cumulative_regret": 530.0,
    "ewma_reward": 310.46417004640006,
    "smoothness_tv": 1023.0,
    "_last_reward": 463.0
  }
}