{
  "1": {
    "task_name": "T1: short+no wind",
    "episode_rewards": [
      32.0,
      33.0,
      25.0,
      52.0,
      90.0,
      53.0,
      37.0,
      69.0,
      40.0,
      44.0,
      49.0,
      31.0,
      76.0,
      34.0,
      24.0,
      64.0,
      34.0,
      36.0,
      145.0,
      47.0,
      84.0,
      72.0,
      39.0,
      53.0,
      64.0,
      75.0,
      38.0,
      40.0,
      79.0,
      39.0,
      52.0,
      32.0,
      51.0,
      32.0,
      34.0,
      72.0,
      35.0,
      93.0,
      36.0,
      60.0,
      38.0,
      83.0,
      49.0,
      40.0,
      56.0,
      68.0,
      49.0,
      48.0,
      59.0,
      103.0,
      52.0,
      71.0,
      163.0,
      176.0,
      50.0,
      64.0,
      192.0,
      199.0,
      201.0,
      500.0,
      396.0,
      500.0,
      500.0,
      415.0,
      446.0,
      353.0,
      345.0,
      402.0,
      298.0,
      500.0,
      500.0,
      500.0
    ],
    "convergence_episode": 61,
    "final_performance": 28.4,
    "before_performance": 500.0,
    "after_performance": 28.4,
    "cumulative_regret": 26489.0,
    "ewma_reward": 352.96081821723976,
    "smoothness_tv": 2866.0,
    "_last_reward": 500.0,
    "egp_triggers": 25,
    "egp_paused_steps": 265
  },
  "2": {
    "task_name": "T2: short+wind",
    "episode_rewards": [
      307.0,
      43.0,
      261.0,
      50.0,
      312.0,
      397.0,
      500.0,
      337.0,
      437.0,
      273.0,
      323.0,
      459.0,
      411.0,
      500.0,
      336.0
    ],
    "convergence_episode": 71,
    "final_performance": 335.4,
    "before_performance": 423.8,
    "after_performance": 335.4,
    "cumulative_regret": 2554.0,
    "ewma_reward": 286.84644694687864,
    "smoothness_tv": 2057.0,
    "_last_reward": 336.0,
    "egp_triggers": 25,
    "egp_paused_steps": 265
  },
  "3": {
    "task_name": "T3: long+no wind",
    "episode_rewards": [
      452.0,
      500.0,
      327.0,
      392.0,
      433.0,
      443.0,
      382.0,
      398.0,
      437.0,
      370.0,
      500.0,
      500.0
    ],
    "convergence_episode": 86,
    "final_performance": 437.4,
    "before_performance": 419.4,
    "after_performance": 437.4,
    "cumulative_regret": 866.0,
    "ewma_reward": 310.91101564056805,
    "smoothness_tv": 650.0,
    "_last_reward": 500.0,
    "egp_triggers": 25,
    "egp_paused_steps": 265
  },
  "4": {
    "task_name": "T4: long+wind",
    "episode_rewards": [
      436.0,
      500.0,
      398.0,
      481.0,
      499.0,
      386.0,
      480.0,
      500.0,
      348.0,
      500.0,
      405.0
    ],
    "convergence_episode": 98,
    "final_performance": 454.2,
    "before_performance": 484.2,
    "after_performance": 454.2,
    "cumulative_regret": 567.0,
    "ewma_reward": 305.65470018636,
    "smoothness_tv": 893.0,
    "_last_reward": 405.0,
    "egp_triggers": 25,
    "egp_paused_steps": 265
  }
}