{
  "1": {
    "task_name": "T1: short+no wind",
    "episode_rewards": [
      39.0,
      32.0,
      34.0,
      53.0,
      30.0,
      43.0,
      30.0,
      66.0,
      40.0,
      32.0,
      23.0,
      45.0,
      47.0,
      30.0,
      25.0,
      51.0,
      89.0,
      54.0,
      46.0,
      45.0,
      79.0,
      68.0,
      41.0,
      105.0,
      92.0,
      88.0,
      75.0,
      500.0,
      241.0,
      500.0,
      500.0,
      434.0,
      500.0,
      50.0,
      450.0,
      500.0,
      500.0,
      500.0,
      500.0,
      500.0,
      500.0,
      500.0,
      500.0,
      500.0,
      500.0,
      101.0
    ],
    "convergence_episode": 31,
    "final_performance": 38.8,
    "before_performance": 403.0,
    "after_performance": 38.8,
    "cumulative_regret": 13322.0,
    "ewma_reward": 380.64051794604984,
    "smoothness_tv": 2850.0,
    "_last_reward": 101.0,
    "egp_triggers": 25,
    "egp_paused_steps": 265
  },
  "2": {
    "task_name": "T2: short+wind",
    "episode_rewards": [
      500.0,
      500.0,
      57.0,
      435.0,
      500.0,
      423.0,
      62.0,
      500.0,
      433.0,
      500.0,
      500.0,
      500.0
    ],
    "convergence_episode": 45,
    "final_performance": 489.0,
    "before_performance": 496.2,
    "after_performance": 489.0,
    "cumulative_regret": 1090.0,
    "ewma_reward": 303.98460953180006,
    "smoothness_tv": 1896.0,
    "_last_reward": 500.0,
    "egp_triggers": 25,
    "egp_paused_steps": 265
  },
  "3": {
    "task_name": "T3: long+no wind",
    "episode_rewards": [
      500.0,
      484.0,
      500.0,
      500.0,
      500.0,
      500.0,
      500.0,
      372.0,
      467.0,
      500.0,
      500.0
    ],
    "convergence_episode": 57,
    "final_performance": 489.0,
    "before_performance": 500.0,
    "after_performance": 489.0,
    "cumulative_regret": 177.0,
    "ewma_reward": 330.47062917260007,
    "smoothness_tv": 288.0,
    "_last_reward": 500.0,
    "egp_triggers": 25,
    "egp_paused_steps": 265
  },
  "4": {
    "task_name": "T4: long+wind",
    "episode_rewards": [
      500.0,
      500.0,
      500.0,
      500.0,
      500.0,
      500.0,
      500.0,
      500.0,
      500.0,
      500.0
    ],
    "convergence_episode": 68,
    "final_performance": 480.8,
    "before_performance": 500.0,
    "after_performance": 480.8,
    "cumulative_regret": 0.0,
    "ewma_reward": 325.66077995,
    "smoothness_tv": 0.0,
    "_last_reward": 500.0,
    "egp_triggers": 25,
    "egp_paused_steps": 265
  }
}