{
  "0_after_1": {
    "task_id": 0,
    "new_task_id": 1,
    "before_performance": -183.2934999999999,
    "after_performance": -200.0,
    "cf": -16.70650000000009
  },
  "0_after_2": {
    "task_id": 0,
    "new_task_id": 2,
    "before_performance": -183.2934999999999,
    "after_performance": -200.0,
    "cf": -16.70650000000009
  },
  "1_after_2": {
    "task_id": 1,
    "new_task_id": 2,
    "before_performance": -184.5569999999999,
    "after_performance": -200.0,
    "cf": -15.443000000000097
  }
}