{
  "1": {
    "task_name": "T1: short+no wind",
    "episode_rewards": [
      30.0,
      49.0,
      31.0,
      26.0,
      36.0,
      39.0,
      30.0,
      38.0,
      40.0,
      39.0,
      51.0,
      29.0,
      45.0,
      49.0,
      25.0,
      23.0,
      36.0,
      30.0,
      34.0,
      60.0,
      104.0,
      63.0,
      60.0,
      160.0,
      132.0,
      133.0,
      120.0,
      39.0,
      156.0,
      110.0,
      242.0,
      149.0,
      442.0,
      183.0,
      47.0,
      500.0,
      485.0,
      500.0,
      467.0,
      500.0,
      453.0,
      500.0,
      500.0,
      500.0,
      500.0,
      500.0,
      500.0,
      500.0,
      408.0
    ],
    "convergence_episode": 37,
    "final_performance": 38.4,
    "before_performance": 449.6,
    "after_performance": 38.4,
    "cumulative_regret": 14807.0,
    "ewma_reward": 403.2073841169188,
    "smoothness_tv": 2326.0,
    "_last_reward": 408.0,
    "egp_triggers": 25,
    "egp_paused_steps": 265
  },
  "2": {
    "task_name": "T2: short+wind",
    "episode_rewards": [
      500.0,
      500.0,
      500.0,
      57.0,
      500.0,
      500.0,
      500.0,
      500.0,
      500.0,
      500.0,
      500.0
    ],
    "convergence_episode": 49,
    "final_performance": 500.0,
    "before_performance": 500.0,
    "after_performance": 500.0,
    "cumulative_regret": 443.0,
    "ewma_reward": 321.906149285,
    "smoothness_tv": 886.0,
    "_last_reward": 500.0,
    "egp_triggers": 25,
    "egp_paused_steps": 265
  },
  "3": {
    "task_name": "T3: long+no wind",
    "episode_rewards": [
      500.0,
      500.0,
      500.0,
      500.0,
      500.0,
      500.0,
      500.0,
      500.0,
      500.0,
      500.0
    ],
    "convergence_episode": 60,
    "final_performance": 500.0,
    "before_performance": 500.0,
    "after_performance": 500.0,
    "cumulative_regret": 0.0,
    "ewma_reward": 325.66077995,
    "smoothness_tv": 0.0,
    "_last_reward": 500.0,
    "egp_triggers": 25,
    "egp_paused_steps": 265
  },
  "4": {
    "task_name": "T4: long+wind",
    "episode_rewards": [
      500.0,
      500.0,
      500.0,
      482.0,
      500.0,
      500.0,
      500.0,
      500.0,
      500.0,
      500.0
    ],
    "convergence_episode": 70,
    "final_performance": 500.0,
    "before_performance": 498.4,
    "after_performance": 500.0,
    "cumulative_regret": 18.0,
    "ewma_reward": 324.70418615,
    "smoothness_tv": 36.0,
    "_last_reward": 500.0,
    "egp_triggers": 25,
    "egp_paused_steps": 265
  }
}