{
  "1": {
    "task_name": "T1: short+no wind",
    "episode_rewards": [
      30.0,
      60.0,
      34.0,
      30.0,
      47.0,
      55.0,
      27.0,
      33.0,
      45.0,
      38.0,
      30.0,
      23.0,
      42.0,
      61.0,
      25.0,
      23.0,
      35.0,
      143.0,
      81.0,
      83.0,
      78.0,
      161.0,
      46.0,
      100.0,
      87.0,
      124.0,
      125.0,
      92.0,
      356.0,
      283.0,
      500.0,
      500.0,
      500.0,
      500.0,
      49.0,
      500.0,
      500.0,
      498.0,
      500.0,
      500.0,
      500.0,
      500.0,
      500.0,
      500.0,
      500.0,
      500.0
    ],
    "convergence_episode": 32,
    "final_performance": 38.4,
    "before_performance": 477.8,
    "after_performance": 38.4,
    "cumulative_regret": 13056.0,
    "ewma_reward": 416.2306272423327,
    "smoothness_tv": 2214.0,
    "_last_reward": 500.0,
    "egp_triggers": 25,
    "egp_paused_steps": 265
  },
  "2": {
    "task_name": "T2: short+wind",
    "episode_rewards": [
      500.0,
      500.0,
      51.0,
      500.0,
      500.0,
      500.0,
      64.0,
      500.0,
      500.0,
      500.0,
      500.0
    ],
    "convergence_episode": 46,
    "final_performance": 500.0,
    "before_performance": 500.0,
    "after_performance": 500.0,
    "cumulative_regret": 885.0,
    "ewma_reward": 295.16076422599997,
    "smoothness_tv": 1770.0,
    "_last_reward": 500.0,
    "egp_triggers": 25,
    "egp_paused_steps": 265
  },
  "3": {
    "task_name": "T3: long+no wind",
    "episode_rewards": [
      500.0,
      500.0,
      500.0,
      500.0,
      500.0,
      500.0,
      500.0,
      500.0,
      500.0,
      500.0
    ],
    "convergence_episode": 57,
    "final_performance": 500.0,
    "before_performance": 500.0,
    "after_performance": 500.0,
    "cumulative_regret": 0.0,
    "ewma_reward": 325.66077995,
    "smoothness_tv": 0.0,
    "_last_reward": 500.0,
    "egp_triggers": 25,
    "egp_paused_steps": 265
  },
  "4": {
    "task_name": "T4: long+wind",
    "episode_rewards": [
      500.0,
      500.0,
      500.0,
      500.0,
      500.0,
      500.0,
      500.0,
      500.0,
      500.0,
      500.0
    ],
    "convergence_episode": 67,
    "final_performance": 500.0,
    "before_performance": 500.0,
    "after_performance": 500.0,
    "cumulative_regret": 0.0,
    "ewma_reward": 325.66077995,
    "smoothness_tv": 0.0,
    "_last_reward": 500.0,
    "egp_triggers": 25,
    "egp_paused_steps": 265
  }
}