{
  "1": {
    "task_name": "T1: 标准重力+标准推力",
    "episode_rewards": [
      -193.7599639892578,
      -193.82772827148438,
      -195.0044403076172,
      -192.97860717773438,
      -192.4914093017578,
      -194.1794891357422,
      -193.6541290283203,
      -193.82212829589844,
      -194.38845825195312,
      -192.4469757080078,
      -193.7437286376953,
      -193.55767822265625,
      -192.77267456054688,
      -193.7064208984375,
      -192.88125610351562,
      -193.30068969726562,
      -193.5525360107422,
      -193.25856018066406,
      -193.47372436523438,
      -193.1786346435547,
      -193.04861450195312,
      -192.91839599609375,
      -192.4378662109375,
      -193.08091735839844
    ],
    "convergence_episode": null,
    "final_performance": -200.0,
    "before_performance": -200.0,
    "after_performance": -200.0,
    "egp_triggers": 0,
    "egp_paused_steps": 0
  },
  "2": {
    "task_name": "T2: 增强重力+标准推力",
    "episode_rewards": [
      -193.8212127685547,
      -193.14016723632812,
      -193.32858276367188,
      -192.82546997070312,
      -193.7286376953125,
      -193.34121704101562,
      -193.0472869873047,
      -193.65769958496094,
      -194.40570068359375,
      -193.2299346923828,
      -193.62850952148438,
      -191.8728485107422,
      -194.60055541992188
    ],
    "convergence_episode": null,
    "final_performance": -200.0,
    "before_performance": -200.0,
    "after_performance": -200.0,
    "egp_triggers": 0,
    "egp_paused_steps": 0
  },
  "3": {
    "task_name": "T3: 标准重力+增强推力",
    "episode_rewards": [
      -192.65821838378906,
      -193.27780151367188,
      -192.22787475585938,
      -192.55630493164062,
      -193.9408721923828,
      -192.41033935546875,
      -192.05047607421875,
      -193.17074584960938,
      -192.45782470703125,
      -192.19229125976562,
      -192.44993591308594,
      -194.92543029785156
    ],
    "convergence_episode": null,
    "final_performance": -200.0,
    "before_performance": -200.0,
    "after_performance": -200.0,
    "egp_triggers": 0,
    "egp_paused_steps": 0
  },
  "4": {
    "task_name": "T4: 增强重力+增强推力",
    "episode_rewards": [
      -192.81356811523438,
      -192.70059204101562,
      -193.08074951171875,
      -192.40176391601562,
      -191.86727905273438,
      -192.32431030273438,
      -191.4871063232422,
      -192.92176818847656,
      -193.62977600097656,
      -192.5618133544922,
      -190.17254638671875,
      -193.6923065185547,
      -192.51123046875
    ],
    "convergence_episode": null,
    "final_performance": -200.0,
    "before_performance": -200.0,
    "after_performance": -200.0,
    "egp_triggers": 0,
    "egp_paused_steps": 0
  }
}