{
  "1": {
    "task_name": "T1: short+no wind",
    "episode_rewards": [
      35.0,
      38.0,
      33.0,
      41.0,
      48.0,
      30.0,
      45.0,
      55.0,
      36.0,
      32.0,
      23.0,
      28.0,
      52.0,
      28.0,
      22.0,
      32.0,
      31.0,
      25.0,
      25.0,
      65.0,
      40.0,
      31.0,
      102.0,
      65.0,
      50.0,
      60.0,
      92.0,
      244.0,
      165.0,
      379.0,
      500.0,
      320.0,
      500.0,
      301.0,
      435.0,
      41.0,
      500.0,
      40.0,
      500.0,
      462.0,
      500.0,
      500.0,
      418.0,
      41.0,
      456.0,
      500.0,
      500.0,
      423.0,
      500.0
    ],
    "convergence_episode": 33,
    "final_performance": 38.8,
    "before_performance": 446.0,
    "after_performance": 38.8,
    "cumulative_regret": 15111.0,
    "ewma_reward": 369.6484706360352,
    "smoothness_tv": 4593.0,
    "_last_reward": 500.0,
    "egp_triggers": 48,
    "egp_paused_steps": 528
  },
  "2": {
    "task_name": "T2: short+wind",
    "episode_rewards": [
      500.0,
      500.0,
      440.0,
      50.0,
      500.0,
      486.0,
      500.0,
      500.0,
      500.0,
      500.0,
      500.0,
      41.0
    ],
    "convergence_episode": 48,
    "final_performance": 493.8,
    "before_performance": 478.6,
    "after_performance": 493.8,
    "cumulative_regret": 983.0,
    "ewma_reward": 290.4456669755001,
    "smoothness_tv": 1387.0,
    "_last_reward": 41.0,
    "egp_triggers": 48,
    "egp_paused_steps": 528
  },
  "3": {
    "task_name": "T3: long+no wind",
    "episode_rewards": [
      500.0,
      500.0,
      500.0,
      500.0,
      353.0,
      438.0,
      500.0,
      323.0,
      500.0,
      500.0,
      500.0
    ],
    "convergence_episode": 60,
    "final_performance": 472.0,
    "before_performance": 399.6,
    "after_performance": 472.0,
    "cumulative_regret": 386.0,
    "ewma_reward": 318.71818125500005,
    "smoothness_tv": 648.0,
    "_last_reward": 500.0,
    "egp_triggers": 48,
    "egp_paused_steps": 528
  },
  "4": {
    "task_name": "T4: long+wind",
    "episode_rewards": [
      500.0,
      290.0,
      500.0,
      425.0,
      500.0,
      500.0,
      447.0,
      500.0,
      500.0,
      54.0,
      500.0,
      500.0
    ],
    "convergence_episode": 71,
    "final_performance": 385.4,
    "before_performance": 500.0,
    "after_performance": 385.4,
    "cumulative_regret": 784.0,
    "ewma_reward": 308.97888344240005,
    "smoothness_tv": 1568.0,
    "_last_reward": 500.0,
    "egp_triggers": 48,
    "egp_paused_steps": 528
  }
}