{
  "1": {
    "task_name": "T1: short+no wind",
    "episode_rewards": [
      31.0,
      36.0,
      35.0,
      44.0,
      39.0,
      29.0,
      54.0,
      29.0,
      28.0,
      43.0,
      32.0,
      27.0,
      34.0,
      76.0,
      34.0,
      31.0,
      24.0,
      24.0,
      23.0,
      33.0,
      23.0,
      22.0,
      32.0,
      23.0,
      49.0,
      57.0,
      32.0,
      41.0,
      126.0,
      37.0,
      57.0,
      31.0,
      51.0,
      28.0,
      31.0,
      283.0,
      43.0,
      45.0,
      33.0,
      89.0,
      28.0,
      52.0,
      131.0,
      32.0,
      65.0,
      61.0,
      45.0,
      82.0,
      33.0,
      65.0,
      64.0,
      65.0,
      53.0,
      76.0,
      26.0,
      32.0,
      89.0,
      48.0,
      52.0,
      39.0,
      40.0,
      132.0,
      40.0,
      117.0,
      48.0,
      189.0,
      134.0,
      90.0,
      73.0,
      124.0,
      48.0,
      319.0,
      500.0,
      500.0,
      500.0,
      500.0,
      500.0,
      59.0,
      500.0,
      500.0,
      500.0,
      500.0,
      500.0,
      500.0,
      38.0,
      130.0
    ],
    "convergence_episode": 111,
    "final_performance": 67.8,
    "before_performance": 500.0,
    "after_performance": 67.8,
    "cumulative_regret": 32942.0,
    "ewma_reward": 312.2586255730869,
    "smoothness_tv": 4395.0,
    "_last_reward": 130.0,
    "egp_triggers": 59,
    "egp_paused_steps": 649
  },
  "2": {
    "task_name": "T2: short+wind",
    "episode_rewards": [
      500.0,
      500.0,
      334.0,
      500.0,
      500.0,
      38.0,
      151.0,
      60.0,
      500.0,
      168.0,
      500.0,
      500.0,
      41.0,
      500.0,
      153.0
    ],
    "convergence_episode": 83,
    "final_performance": 434.0,
    "before_performance": 500.0,
    "after_performance": 434.0,
    "cumulative_regret": 2555.0,
    "ewma_reward": 246.91563982629097,
    "smoothness_tv": 3367.0,
    "_last_reward": 153.0,
    "egp_triggers": 59,
    "egp_paused_steps": 649
  },
  "3": {
    "task_name": "T3: long+no wind",
    "episode_rewards": [
      500.0,
      500.0,
      500.0,
      500.0,
      500.0,
      500.0,
      500.0,
      500.0,
      68.0,
      500.0,
      125.0
    ],
    "convergence_episode": 98,
    "final_performance": 500.0,
    "before_performance": 500.0,
    "after_performance": 500.0,
    "cumulative_regret": 807.0,
    "ewma_reward": 270.60270195500004,
    "smoothness_tv": 1239.0,
    "_last_reward": 125.0,
    "egp_triggers": 59,
    "egp_paused_steps": 649
  },
  "4": {
    "task_name": "T4: long+wind",
    "episode_rewards": [
      500.0,
      500.0,
      500.0,
      500.0,
      500.0,
      500.0,
      500.0,
      63.0,
      500.0,
      500.0,
      500.0
    ],
    "convergence_episode": 109,
    "final_performance": 500.0,
    "before_performance": 500.0,
    "after_performance": 500.0,
    "cumulative_regret": 437.0,
    "ewma_reward": 311.23740195500005,
    "smoothness_tv": 874.0,
    "_last_reward": 500.0,
    "egp_triggers": 59,
    "egp_paused_steps": 649
  }
}