{
  "1": {
    "task_name": "T1: short+no wind",
    "episode_rewards": [
      25.0,
      40.0,
      46.0,
      42.0,
      26.0,
      33.0,
      34.0,
      35.0,
      28.0,
      41.0,
      43.0,
      31.0,
      23.0,
      26.0,
      25.0,
      25.0,
      53.0,
      38.0,
      53.0,
      52.0,
      55.0,
      30.0,
      53.0,
      79.0,
      35.0,
      48.0,
      54.0,
      81.0,
      35.0,
      34.0,
      80.0,
      33.0,
      109.0,
      55.0,
      210.0,
      45.0,
      75.0,
      65.0,
      126.0,
      124.0,
      143.0,
      444.0,
      500.0,
      500.0,
      500.0,
      444.0,
      329.0,
      188.0,
      500.0,
      500.0,
      331.0,
      500.0,
      471.0,
      500.0,
      454.0,
      453.0,
      500.0
    ],
    "convergence_episode": 44,
    "final_performance": 31.4,
    "before_performance": 377.8,
    "after_performance": 31.4,
    "cumulative_regret": 19098.0,
    "ewma_reward": 383.1819551584489,
    "smoothness_tv": 2505.0,
    "_last_reward": 500.0
  },
  "2": {
    "task_name": "T2: short+wind",
    "episode_rewards": [
      500.0,
      500.0,
      500.0,
      500.0,
      496.0,
      500.0,
      500.0,
      500.0,
      61.0,
      500.0,
      278.0,
      359.0
    ],
    "convergence_episode": 56,
    "final_performance": 388.8,
    "before_performance": 390.6,
    "after_performance": 388.8,
    "cumulative_regret": 806.0,
    "ewma_reward": 292.51081299950005,
    "smoothness_tv": 1189.0,
    "_last_reward": 359.0
  },
  "3": {
    "task_name": "T3: long+no wind",
    "episode_rewards": [
      500.0,
      500.0,
      500.0,
      408.0,
      392.0,
      500.0,
      500.0,
      500.0,
      500.0,
      500.0
    ],
    "convergence_episode": 68,
    "final_performance": 471.6,
    "before_performance": 405.0,
    "after_performance": 471.6,
    "cumulative_regret": 200.0,
    "ewma_reward": 314.39423075,
    "smoothness_tv": 216.0,
    "_last_reward": 500.0
  },
  "4": {
    "task_name": "T4: long+wind",
    "episode_rewards": [
      383.0,
      328.0,
      500.0,
      381.0,
      500.0,
      500.0,
      415.0,
      500.0,
      367.0,
      500.0,
      475.0,
      418.0
    ],
    "convergence_episode": 78,
    "final_performance": 350.4,
    "before_performance": 386.0,
    "after_performance": 350.4,
    "cumulative_regret": 733.0,
    "ewma_reward": 318.8289538165271,
    "smoothness_tv": 983.0,
    "_last_reward": 418.0
  }
}